07604725M,Juan,Perez,Garcia,juanperez@gmail.com,635275894
45034724B,Maria,Gomez,Sanchez,mariagomez@gmail.com,6638297654
88347961Q,Pedro,Martinez,Rodriguez,pedromartinez@gmail.com,632243657
39776922D,Ana,Lopez,Gonzalez,analopez@gmail.com,672123456
45733016T,Carlos,Sanchez,Perez,carlossanchez@gmail.com,672194556
93957045K,Isabel,Garcia,Martinez,isabelgarcia@gmail.com,696823456
23113484W,Luis,Rodriguez,Hernandez,luisrodriguez@gmail.com,609633456
00844339D,Sara,Gonzalez,Lopez,saragonzalez@gmail.com,672103442
74831096K,Jorge,Hernandez,Gomez,jorgehernandez@gmail.com,6274537652
09917494D,Carmen,Molina,Soler,carmenmolina@gmail.com,662979846
